A:char(25)	B:char(25)	C:int	D:int
South_Dakota	West_Virginia	6	3
Connecticut	Delaware	8	8
New_Hampshire	Kansas	2	1
Connecticut	Puerto_Rico	4	9
Montana	District_of_Columbia	2	8
Vermont	West_Virginia	8	6
New_Hampshire	District_of_Columbia	6	6
Kentucky	Singapore	1	0
Connecticut	Indiana	2	8
Delaware	Singapore	8	6
Colorado	Connecticut	9	0
Vermont	Puerto_Rico	3	3
Puerto_Rico	Business	0	4
Indiana	West_Virginia	1	5
Business	Vermont	0	4
Nevada	Oklahoma	0	7
Nevada	District_of_Columbia	8	3
Puerto_Rico	Indiana	2	1
Montana	District_of_Columbia	6	9
South_Dakota	Singapore	2	0
North_Dakota	Singapore	4	2
Colorado	District_of_Columbia	0	6
Oklahoma	Oklahoma	7	1
Delaware	Vermont	3	9
Montana	Colorado	6	1
Business	Nevada	4	0
North_Dakota	Kentucky	9	5
Connecticut	Oklahoma	1	6
Colorado	New_Hampshire	3	1
Nevada	Kentucky	9	9
Nevada	West_Virginia	2	5
Oklahoma	Puerto_Rico	2	7
West_Virginia	Kentucky	3	2
Connecticut	Puerto_Rico	7	5
Puerto_Rico	West_Virginia	5	1
Indiana	Montana	2	6
Idaho	District_of_Columbia	3	5
Oklahoma	Connecticut	3	3
Arkansas	Kentucky	0	7
South_Dakota	Nevada	2	3
Idaho	Delaware	8	9
Montana	Connecticut	2	4
Delaware	North_Dakota	7	0
Arkansas	Connecticut	1	1
Idaho	Arkansas	5	7
Oklahoma	Kentucky	6	7
District_of_Columbia	Connecticut	6	6
Vermont	West_Virginia	9	0
Singapore	South_Dakota	3	7
Vermont	District_of_Columbia	2	3
Idaho	Colorado	6	4
Indiana	Colorado	5	1
Connecticut	Delaware	0	3
Montana	Vermont	8	8
New_Hampshire	Kansas	5	9
New_Hampshire	Idaho	2	1
Business	Montana	6	1
Colorado	District_of_Columbia	4	9
Oklahoma	Montana	8	1
South_Dakota	Colorado	9	5
Business	Singapore	2	1
Business	Arkansas	1	5
Kentucky	Puerto_Rico	2	3
Business	Delaware	3	1
Puerto_Rico	Nevada	3	6
Kansas	District_of_Columbia	6	4
North_Dakota	Delaware	4	6
Indiana	Puerto_Rico	3	6
New_Hampshire	Kentucky	1	9
Montana	North_Dakota	9	4
Colorado	South_Dakota	3	3
Idaho	Connecticut	0	5
New_Hampshire	North_Dakota	2	9
Singapore	Idaho	3	0
West_Virginia	Arkansas	5	5
Kentucky	Colorado	2	1
Vermont	North_Dakota	8	5
West_Virginia	Vermont	9	5
North_Dakota	South_Dakota	4	7
Connecticut	Oklahoma	1	5
North_Dakota	Singapore	8	0
Delaware	Nevada	1	9
Vermont	Singapore	6	4
Idaho	Kentucky	5	8
Puerto_Rico	Nevada	5	7
Idaho	Idaho	7	6
Idaho	Oklahoma	3	4
New_Hampshire	Puerto_Rico	7	8
Nevada	West_Virginia	1	2
Nevada	Montana	6	2
North_Dakota	Business	9	9
Kentucky	Kentucky	9	0
Arkansas	Montana	3	2
Arkansas	District_of_Columbia	2	8
Montana	Connecticut	2	6
New_Hampshire	Colorado	1	4
Arkansas	North_Dakota	1	1
Connecticut	South_Dakota	7	8
District_of_Columbia	Delaware	2	3
Oklahoma	Kansas	5	5
Colorado	Nevada	7	1
Idaho	New_Hampshire	2	4
Puerto_Rico	West_Virginia	0	1
West_Virginia	Kentucky	6	1
North_Dakota	Nevada	3	9
Vermont	Colorado	1	4
New_Hampshire	Oklahoma	9	3
Vermont	Vermont	6	1
Montana	Indiana	2	1
New_Hampshire	Colorado	5	8
Colorado	Idaho	6	9
Connecticut	Kentucky	0	4
District_of_Columbia	Business	1	4
Kansas	Puerto_Rico	7	9
Nevada	Montana	5	0
South_Dakota	Montana	8	1
Connecticut	Business	4	4
New_Hampshire	Montana	2	8
Colorado	Idaho	5	2
Delaware	Kansas	1	1
North_Dakota	Oklahoma	7	4
District_of_Columbia	West_Virginia	4	4
Kentucky	Oklahoma	1	5
South_Dakota	Indiana	2	8
South_Dakota	Delaware	3	1
Oklahoma	Nevada	2	5
Idaho	New_Hampshire	9	1
Oklahoma	South_Dakota	0	3
Kansas	Puerto_Rico	5	2
Business	Delaware	0	9
Indiana	New_Hampshire	0	2
New_Hampshire	Montana	5	7
Business	South_Dakota	0	6
Indiana	District_of_Columbia	7	7
Colorado	Puerto_Rico	8	8
Nevada	Connecticut	8	3
West_Virginia	West_Virginia	0	0
Montana	Puerto_Rico	1	1
Oklahoma	Arkansas	3	6
North_Dakota	Idaho	7	0
South_Dakota	Kansas	7	8
Singapore	Business	3	2
Nevada	Montana	7	9
Nevada	Colorado	3	4
Indiana	Arkansas	7	7
West_Virginia	Indiana	0	5
Vermont	Montana	2	5
New_Hampshire	Delaware	3	4
Singapore	Kentucky	9	8
Idaho	Kansas	3	6
Kentucky	Kansas	0	5
South_Dakota	Oklahoma	5	4
Puerto_Rico	Colorado	7	9
Singapore	Vermont	9	9
District_of_Columbia	Montana	7	2
West_Virginia	Kentucky	3	9
Singapore	Delaware	0	2
Indiana	Singapore	5	0
Arkansas	New_Hampshire	4	5
Idaho	Puerto_Rico	3	2
West_Virginia	Arkansas	3	8
Idaho	Singapore	1	6
Connecticut	Montana	0	6
Montana	District_of_Columbia	3	0
Connecticut	New_Hampshire	4	8
Business	West_Virginia	2	1
West_Virginia	Arkansas	8	3
South_Dakota	Delaware	9	5
Singapore	Business	1	8
District_of_Columbia	Arkansas	2	1
Delaware	Puerto_Rico	6	3
Indiana	Indiana	6	7
Oklahoma	Colorado	0	3
South_Dakota	Singapore	1	3
Connecticut	West_Virginia	0	5
Vermont	Montana	9	0
Business	Arkansas	8	6
South_Dakota	Montana	8	0
South_Dakota	Connecticut	7	7
South_Dakota	Nevada	5	5
Puerto_Rico	Arkansas	8	0
Puerto_Rico	North_Dakota	7	9
New_Hampshire	Nevada	6	5
Montana	South_Dakota	7	4
Vermont	Singapore	7	4
New_Hampshire	Colorado	4	9
Kentucky	Puerto_Rico	6	6
Business	Singapore	9	9
North_Dakota	Kentucky	2	8
North_Dakota	Business	3	9
Vermont	New_Hampshire	2	8
Arkansas	South_Dakota	3	5
District_of_Columbia	District_of_Columbia	3	6
Nevada	West_Virginia	4	3
South_Dakota	Nevada	9	5
Colorado	Connecticut	3	6
Business	Connecticut	4	8
Arkansas	Arkansas	7	5
New_Hampshire	Connecticut	2	5
Nevada	Indiana	3	2
North_Dakota	Vermont	7	0
Puerto_Rico	Montana	1	6
Nevada	South_Dakota	6	6
Singapore	Oklahoma	2	9
Vermont	North_Dakota	5	0
Business	Puerto_Rico	0	7
Montana	Vermont	4	5
West_Virginia	District_of_Columbia	5	6
Arkansas	Arkansas	7	3
Delaware	New_Hampshire	6	2
Puerto_Rico	Colorado	8	0
Montana	Connecticut	9	9
Puerto_Rico	Puerto_Rico	4	4
Nevada	Idaho	0	2
New_Hampshire	Montana	8	3
Kentucky	Connecticut	4	5
Arkansas	Singapore	4	2
District_of_Columbia	Business	0	0
West_Virginia	Idaho	9	6
Singapore	North_Dakota	1	0
Idaho	Puerto_Rico	9	4
Kentucky	Oklahoma	4	3
Connecticut	Business	0	0
Kentucky	Business	9	0
Oklahoma	Connecticut	6	3
Kansas	Oklahoma	2	4
Delaware	Oklahoma	2	4
Business	Puerto_Rico	4	9
Vermont	Vermont	4	4
Kentucky	Indiana	5	6
Indiana	North_Dakota	1	0
Oklahoma	Singapore	2	6
Puerto_Rico	New_Hampshire	9	7
Oklahoma	District_of_Columbia	7	2
Puerto_Rico	Puerto_Rico	6	7
Nevada	Singapore	4	0
Arkansas	New_Hampshire	6	8
North_Dakota	Montana	2	7
North_Dakota	West_Virginia	4	4
Idaho	District_of_Columbia	0	7
Kansas	Oklahoma	3	1
District_of_Columbia	District_of_Columbia	8	0
Kentucky	New_Hampshire	0	0
Kentucky	West_Virginia	4	7
Connecticut	Montana	5	7
District_of_Columbia	Montana	7	4
Colorado	District_of_Columbia	1	9
Montana	Business	0	3
New_Hampshire	Indiana	9	3
District_of_Columbia	Arkansas	0	6
District_of_Columbia	Singapore	3	0
Business	Idaho	7	5
Connecticut	Indiana	2	9
Montana	Nevada	0	1
Kansas	Indiana	2	6
Kansas	Montana	7	3
Vermont	Arkansas	8	3
Colorado	Oklahoma	4	9
New_Hampshire	Nevada	7	0
Kentucky	Singapore	4	9
Singapore	Indiana	1	5
Arkansas	Montana	5	4
Nevada	Oklahoma	0	6
Singapore	Idaho	8	9
Kentucky	New_Hampshire	0	4
West_Virginia	Vermont	7	5
District_of_Columbia	Arkansas	9	9
Kentucky	West_Virginia	5	9
District_of_Columbia	South_Dakota	4	5
West_Virginia	Delaware	5	1
North_Dakota	New_Hampshire	4	9
Business	Puerto_Rico	1	0
Business	Colorado	3	2
Vermont	Singapore	2	4
West_Virginia	Vermont	0	0
Oklahoma	North_Dakota	0	7
North_Dakota	Singapore	9	5
Delaware	Montana	5	8
New_Hampshire	South_Dakota	8	8
Connecticut	Vermont	6	6
New_Hampshire	Kansas	5	7
Colorado	Singapore	0	0
Kentucky	Arkansas	6	6
Kentucky	Business	4	3
South_Dakota	Business	2	2
District_of_Columbia	Puerto_Rico	5	8
Kansas	Arkansas	2	6
West_Virginia	South_Dakota	6	9
Puerto_Rico	Idaho	4	6
Singapore	South_Dakota	8	6
Montana	Delaware	3	8
Indiana	Singapore	2	5
Kansas	North_Dakota	4	5
Vermont	Oklahoma	4	9
Indiana	New_Hampshire	8	6
Arkansas	North_Dakota	1	9
West_Virginia	Kentucky	3	2
Indiana	Arkansas	2	1
Vermont	Connecticut	2	1
South_Dakota	Kentucky	8	3
Nevada	Indiana	7	4
West_Virginia	Nevada	1	6
Colorado	Kentucky	5	6
North_Dakota	Oklahoma	4	8
Nevada	Montana	4	9
District_of_Columbia	Kentucky	2	8
Indiana	North_Dakota	7	0
Business	Business	6	3
Montana	Idaho	9	2
District_of_Columbia	Puerto_Rico	9	1
Puerto_Rico	New_Hampshire	4	6
Business	Colorado	3	8
District_of_Columbia	Connecticut	6	6
Business	Idaho	3	8
Delaware	South_Dakota	0	9
Kansas	Colorado	7	8
District_of_Columbia	Indiana	0	7
Business	North_Dakota	5	3
District_of_Columbia	Arkansas	0	9
Business	Kansas	0	3
Business	Puerto_Rico	9	8
New_Hampshire	Business	5	2
Puerto_Rico	South_Dakota	2	5
Puerto_Rico	West_Virginia	0	3
Kansas	South_Dakota	2	4
Business	Idaho	8	7
Kansas	Vermont	7	5
Vermont	Puerto_Rico	0	2
District_of_Columbia	Puerto_Rico	1	5
Singapore	South_Dakota	1	6
Nevada	Business	0	4
New_Hampshire	Business	1	9
Arkansas	Indiana	0	7
Business	Arkansas	6	7
Business	Oklahoma	0	2
Indiana	District_of_Columbia	6	2
District_of_Columbia	Oklahoma	0	0
Arkansas	North_Dakota	1	9
Kentucky	Oklahoma	5	9
West_Virginia	Connecticut	7	8
Arkansas	Singapore	2	4
Oklahoma	Montana	0	0
New_Hampshire	Puerto_Rico	6	9
New_Hampshire	Delaware	8	9
Nevada	Colorado	8	4
Kansas	Delaware	1	2
Puerto_Rico	Kentucky	1	3
North_Dakota	New_Hampshire	6	0
Indiana	Arkansas	6	6
Singapore	West_Virginia	2	7
District_of_Columbia	Colorado	9	0
District_of_Columbia	Idaho	9	5
New_Hampshire	District_of_Columbia	6	8
Colorado	Business	4	3
South_Dakota	Singapore	7	5
Colorado	West_Virginia	8	1
Connecticut	Puerto_Rico	6	7
Kentucky	Nevada	4	2
West_Virginia	Kansas	9	7
Kansas	Business	6	3
South_Dakota	District_of_Columbia	5	6
District_of_Columbia	New_Hampshire	4	2
Montana	Arkansas	0	0
Kansas	New_Hampshire	4	0
District_of_Columbia	Montana	2	2
Oklahoma	Connecticut	3	6
New_Hampshire	Kentucky	1	4
Indiana	Delaware	8	5
Puerto_Rico	South_Dakota	6	0
Idaho	Idaho	1	7
Indiana	Singapore	1	9
Delaware	New_Hampshire	7	0
District_of_Columbia	Vermont	5	7
Singapore	North_Dakota	6	9
New_Hampshire	Vermont	3	0
Delaware	Arkansas	7	9
Indiana	District_of_Columbia	0	8
Colorado	Singapore	6	9
Vermont	Colorado	1	4
Business	North_Dakota	6	2
Arkansas	North_Dakota	2	4
Idaho	North_Dakota	9	6
Vermont	Idaho	3	7
Montana	Connecticut	8	4
Oklahoma	South_Dakota	7	8
Nevada	Colorado	2	6
Kansas	Vermont	6	0
Indiana	Delaware	7	8
Nevada	Vermont	2	5
Arkansas	Nevada	8	2
Kansas	Kentucky	5	8
Arkansas	Delaware	6	5
Singapore	West_Virginia	6	8
South_Dakota	South_Dakota	7	0
Indiana	District_of_Columbia	3	8
Nevada	Montana	9	3
Delaware	Singapore	9	6
Arkansas	Montana	2	9
New_Hampshire	Kansas	2	1
Vermont	Connecticut	6	7
Indiana	Colorado	0	7
Arkansas	Idaho	7	5
Vermont	Singapore	5	6
North_Dakota	Business	3	5
Indiana	Oklahoma	0	7
Colorado	Delaware	5	0
Delaware	Idaho	5	7
Oklahoma	Singapore	6	1
Arkansas	Puerto_Rico	1	9
Vermont	Indiana	1	3
Nevada	Idaho	9	3
Indiana	Indiana	0	2
Indiana	Kentucky	6	6
West_Virginia	Delaware	3	6
Kansas	Puerto_Rico	9	7
Delaware	South_Dakota	2	4
North_Dakota	Colorado	0	1
Delaware	Singapore	8	4
Business	Kansas	7	5
Colorado	South_Dakota	9	5
Nevada	Connecticut	3	9
Vermont	South_Dakota	7	8
Colorado	Colorado	6	2
Montana	Singapore	7	9
Oklahoma	Arkansas	4	7
Arkansas	Delaware	0	3
Delaware	Arkansas	8	3
Business	Business	5	5
Arkansas	New_Hampshire	9	2
West_Virginia	Idaho	2	3
Montana	Idaho	0	0
West_Virginia	New_Hampshire	5	4
Delaware	Indiana	2	8
Kentucky	Oklahoma	8	7
Oklahoma	Puerto_Rico	4	4
Oklahoma	Nevada	9	1
Connecticut	Singapore	4	7
Montana	Nevada	3	8
District_of_Columbia	District_of_Columbia	1	6
Idaho	Indiana	4	7
Vermont	Oklahoma	8	5
Oklahoma	Connecticut	6	3
Arkansas	Kansas	5	9
Puerto_Rico	Delaware	1	0
Kentucky	Business	8	8
Kentucky	Kansas	5	1
North_Dakota	Kentucky	6	3
Idaho	Montana	9	4
Nevada	North_Dakota	5	6
Montana	District_of_Columbia	6	7
South_Dakota	Kansas	6	2
Idaho	Business	0	8
North_Dakota	Kansas	1	3
Montana	Singapore	5	7
Vermont	Montana	1	9
Arkansas	Puerto_Rico	5	0
Business	Colorado	2	2
Colorado	District_of_Columbia	1	8
Vermont	Delaware	5	1
New_Hampshire	Kansas	1	3
Vermont	New_Hampshire	1	1
Vermont	Nevada	7	0
Oklahoma	New_Hampshire	0	1
Business	Kansas	4	7
West_Virginia	Kentucky	9	8
Oklahoma	South_Dakota	4	2
District_of_Columbia	Arkansas	2	4
Nevada	South_Dakota	3	3
New_Hampshire	Business	6	6
Singapore	Delaware	4	2
Idaho	Oklahoma	8	5
New_Hampshire	Business	4	3
Arkansas	Nevada	2	4
Puerto_Rico	Business	6	5
Montana	Arkansas	0	5
Connecticut	Singapore	7	9
Kentucky	Nevada	2	4
Connecticut	Indiana	1	4
Singapore	Nevada	5	5
Kansas	Puerto_Rico	9	4
Delaware	New_Hampshire	8	5
Vermont	West_Virginia	1	7
Idaho	Montana	3	4
District_of_Columbia	Indiana	6	1
Arkansas	Delaware	7	3
South_Dakota	Delaware	6	2
Delaware	Arkansas	5	9
Business	Kentucky	4	6
Connecticut	West_Virginia	0	8
West_Virginia	Nevada	6	7
Oklahoma	Oklahoma	8	0
West_Virginia	Oklahoma	3	8
Singapore	Puerto_Rico	6	7
Kansas	Singapore	0	3
West_Virginia	New_Hampshire	0	2
Delaware	Delaware	4	6
Vermont	Colorado	7	1
New_Hampshire	Indiana	3	9
Idaho	West_Virginia	1	7
Oklahoma	Arkansas	5	6
Connecticut	Kentucky	2	0
Idaho	Montana	6	5
Montana	Business	8	5
Montana	Delaware	9	6
North_Dakota	Indiana	4	7
New_Hampshire	Kansas	3	0
Colorado	Singapore	8	0
West_Virginia	Indiana	6	6
Puerto_Rico	North_Dakota	7	1
Kentucky	Puerto_Rico	8	1
Oklahoma	Connecticut	1	3
New_Hampshire	South_Dakota	2	1
Kentucky	Kentucky	2	4
North_Dakota	Arkansas	0	0
Oklahoma	Kentucky	8	8
Delaware	Vermont	6	7
Oklahoma	Colorado	2	4
North_Dakota	Montana	2	4
South_Dakota	New_Hampshire	9	3
Delaware	North_Dakota	7	0
Singapore	Colorado	9	5
Connecticut	District_of_Columbia	6	1
Montana	District_of_Columbia	0	3
Colorado	West_Virginia	0	9
Puerto_Rico	North_Dakota	1	8
Arkansas	Montana	8	7
Kansas	Idaho	4	0
Nevada	Indiana	8	7
Indiana	Puerto_Rico	5	6
Colorado	Puerto_Rico	6	3
Kansas	Singapore	2	1
Singapore	Indiana	4	4
Delaware	West_Virginia	1	6
Oklahoma	North_Dakota	0	9
Arkansas	North_Dakota	5	4
Kentucky	North_Dakota	8	1
Singapore	Connecticut	3	6
Arkansas	Business	0	4
Puerto_Rico	New_Hampshire	6	2
New_Hampshire	South_Dakota	5	1
Colorado	Singapore	8	6
South_Dakota	Kansas	2	0
West_Virginia	Singapore	1	1
Kansas	Singapore	5	8
Idaho	Connecticut	5	7
South_Dakota	Oklahoma	2	1
Business	District_of_Columbia	9	0
Kentucky	North_Dakota	0	4
New_Hampshire	Puerto_Rico	0	5
District_of_Columbia	Business	2	5
Colorado	Montana	0	6
District_of_Columbia	Arkansas	0	8
Idaho	New_Hampshire	8	9
North_Dakota	Singapore	6	0
Vermont	Arkansas	0	0
Singapore	West_Virginia	1	2
Connecticut	Kansas	7	9
Idaho	Delaware	0	6
Arkansas	Colorado	9	1
Vermont	Colorado	6	4
Connecticut	Singapore	2	6
Business	Puerto_Rico	7	7
Nevada	Nevada	9	4
South_Dakota	West_Virginia	3	1
Singapore	Kentucky	2	9
South_Dakota	Nevada	9	1
Nevada	Indiana	5	6
Indiana	South_Dakota	5	7
Vermont	Nevada	7	3
Vermont	Nevada	6	6
Business	Montana	8	6
Nevada	Puerto_Rico	6	5
Kansas	Puerto_Rico	2	0
Kansas	Kentucky	1	4
Kentucky	Colorado	2	7
District_of_Columbia	District_of_Columbia	7	3
Nevada	District_of_Columbia	4	4
District_of_Columbia	Kansas	8	8
Singapore	Montana	5	2
Kansas	Puerto_Rico	3	4
Nevada	Delaware	3	1
Nevada	Puerto_Rico	3	8
Connecticut	District_of_Columbia	1	5
Idaho	Kentucky	0	0
New_Hampshire	New_Hampshire	2	5
Kentucky	Oklahoma	6	2
Puerto_Rico	West_Virginia	0	5
Idaho	South_Dakota	0	1
Kentucky	Arkansas	4	3
North_Dakota	District_of_Columbia	1	3
New_Hampshire	Arkansas	3	5
Puerto_Rico	South_Dakota	6	4
District_of_Columbia	New_Hampshire	3	4
Colorado	Singapore	3	7
Singapore	Kentucky	8	7
Puerto_Rico	New_Hampshire	8	4
Nevada	Nevada	1	2
Idaho	Singapore	2	3
Singapore	Kansas	6	5
Kentucky	Puerto_Rico	7	3
West_Virginia	Kansas	9	5
Kentucky	Arkansas	3	9
West_Virginia	Montana	5	5
Nevada	District_of_Columbia	9	0
Idaho	Kansas	4	6
Puerto_Rico	District_of_Columbia	5	9
Singapore	Kentucky	2	4
Kansas	Indiana	9	3
Business	Oklahoma	4	8
South_Dakota	Puerto_Rico	0	6
South_Dakota	Connecticut	8	4
Kansas	District_of_Columbia	9	7
New_Hampshire	Colorado	8	3
Nevada	North_Dakota	6	8
Business	Delaware	6	7
Connecticut	Colorado	7	8
Arkansas	Colorado	4	2
Delaware	Arkansas	9	0
Colorado	Kentucky	8	5
Vermont	Idaho	8	6
Colorado	West_Virginia	3	9
Kansas	Indiana	1	7
Arkansas	Oklahoma	8	8
West_Virginia	Nevada	3	1
Kansas	South_Dakota	6	1
Colorado	Idaho	7	3
Montana	Arkansas	6	7
New_Hampshire	Arkansas	1	7
New_Hampshire	Vermont	5	9
Oklahoma	Montana	8	0
Kentucky	West_Virginia	0	4
District_of_Columbia	Montana	9	6
New_Hampshire	West_Virginia	6	3
Kansas	Nevada	0	4
Arkansas	West_Virginia	0	1
Indiana	Delaware	5	7
Montana	District_of_Columbia	1	1
Indiana	New_Hampshire	6	7
South_Dakota	Montana	8	5
Singapore	Nevada	6	4
Kansas	Colorado	8	2
Indiana	North_Dakota	0	3
Singapore	Puerto_Rico	9	3
Delaware	Indiana	8	0
Delaware	South_Dakota	5	3
Vermont	Connecticut	8	3
Oklahoma	Puerto_Rico	7	6
Montana	Delaware	9	8
Kentucky	Delaware	9	3
Oklahoma	New_Hampshire	5	6
Oklahoma	Colorado	1	6
Kansas	District_of_Columbia	4	6
Puerto_Rico	Kentucky	8	7
Business	Nevada	3	1
North_Dakota	South_Dakota	1	7
North_Dakota	Nevada	6	9
Singapore	Indiana	7	0
Vermont	Oklahoma	4	2
Vermont	Vermont	2	1
Colorado	Colorado	7	7
Montana	Delaware	7	2
Kansas	Puerto_Rico	9	5
District_of_Columbia	Indiana	1	0
Singapore	Colorado	1	8
South_Dakota	Kentucky	5	6
Vermont	Puerto_Rico	7	0
Singapore	Montana	6	5
Kentucky	Colorado	3	0
Connecticut	Kansas	7	7
Indiana	Kentucky	6	0
Puerto_Rico	Montana	2	7
Kentucky	Puerto_Rico	8	3
Indiana	Business	6	9
Puerto_Rico	District_of_Columbia	7	5
Oklahoma	Vermont	4	4
Oklahoma	Singapore	2	1
Arkansas	Delaware	6	5
Arkansas	North_Dakota	4	9
Indiana	Vermont	1	0
South_Dakota	Kansas	3	6
District_of_Columbia	District_of_Columbia	4	3
New_Hampshire	District_of_Columbia	1	9
North_Dakota	District_of_Columbia	7	9
Connecticut	Oklahoma	7	7
South_Dakota	New_Hampshire	6	9
Connecticut	Idaho	2	7
District_of_Columbia	Singapore	4	6
Puerto_Rico	Delaware	7	8
Idaho	Singapore	4	6
Arkansas	Business	3	2
District_of_Columbia	Kansas	7	5
Singapore	Oklahoma	0	1
Singapore	Colorado	2	1
Connecticut	Indiana	2	9
Vermont	Puerto_Rico	2	7
Kansas	Vermont	6	7
North_Dakota	Nevada	1	4
Kansas	Indiana	9	6
Kansas	Idaho	7	2
Oklahoma	Delaware	7	6
New_Hampshire	West_Virginia	8	6
Oklahoma	Puerto_Rico	9	9
Kansas	Montana	8	1
Business	Puerto_Rico	7	4
Idaho	Delaware	7	0
Singapore	Kansas	0	3
Connecticut	Oklahoma	3	4
Nevada	North_Dakota	4	2
Nevada	Singapore	0	0
Kansas	Kentucky	9	8
Idaho	Nevada	5	8
South_Dakota	District_of_Columbia	0	7
Nevada	Puerto_Rico	6	7
Vermont	North_Dakota	4	3
Delaware	District_of_Columbia	4	8
District_of_Columbia	South_Dakota	4	2
Arkansas	West_Virginia	1	6
Colorado	Business	8	1
Arkansas	Connecticut	8	8
Indiana	Arkansas	1	0
District_of_Columbia	Vermont	2	7
Vermont	Oklahoma	0	0
North_Dakota	Indiana	4	2
Kentucky	District_of_Columbia	2	2
Vermont	Colorado	0	0
Vermont	Vermont	4	7
Puerto_Rico	Kansas	6	1
Kansas	Puerto_Rico	1	2
New_Hampshire	West_Virginia	0	7
Kansas	Kentucky	6	1
Indiana	Delaware	4	1
Business	Colorado	8	8
Indiana	Idaho	3	9
Oklahoma	Oklahoma	9	8
District_of_Columbia	Kentucky	5	0
Nevada	District_of_Columbia	3	9
Puerto_Rico	Delaware	0	6
Oklahoma	Indiana	6	5
South_Dakota	Colorado	8	1
New_Hampshire	Colorado	6	0
Kansas	Indiana	8	3
Delaware	Delaware	9	9
Vermont	Nevada	4	9
Business	South_Dakota	3	2
Nevada	Arkansas	3	6
Montana	Kansas	8	6
Oklahoma	Delaware	9	7
Oklahoma	District_of_Columbia	9	8
Oklahoma	Vermont	9	3
Kansas	Singapore	5	7
Puerto_Rico	Connecticut	9	1
Puerto_Rico	Puerto_Rico	3	2
Montana	North_Dakota	0	6
Delaware	Montana	2	0
Idaho	Singapore	6	7
West_Virginia	Montana	3	7
Connecticut	North_Dakota	1	0
Vermont	Oklahoma	2	0
Vermont	Oklahoma	5	7
Delaware	Oklahoma	5	6
District_of_Columbia	North_Dakota	5	9
Business	North_Dakota	3	6
Colorado	Puerto_Rico	7	1
Connecticut	Kansas	8	7
Puerto_Rico	Business	4	9
Puerto_Rico	Oklahoma	9	5
Kansas	Delaware	7	1
Oklahoma	Puerto_Rico	7	9
Kentucky	Vermont	1	5
Connecticut	Singapore	0	0
Kansas	Kansas	0	7
Colorado	South_Dakota	0	2
Idaho	Indiana	7	9
Puerto_Rico	Singapore	2	5
New_Hampshire	Kansas	5	9
Kentucky	Idaho	8	2
West_Virginia	New_Hampshire	6	8
Idaho	Puerto_Rico	3	6
District_of_Columbia	Delaware	2	7
Arkansas	Kentucky	5	1
Indiana	New_Hampshire	2	9
Colorado	Idaho	0	7
New_Hampshire	Kentucky	7	3
Arkansas	Idaho	1	5
Puerto_Rico	Singapore	4	4
District_of_Columbia	Connecticut	0	0
Oklahoma	Oklahoma	1	9
Kansas	Kentucky	9	3
Kentucky	Kentucky	4	7
Puerto_Rico	Business	4	7
Montana	Nevada	3	7
District_of_Columbia	West_Virginia	0	2
South_Dakota	Vermont	1	9
New_Hampshire	Indiana	2	2
New_Hampshire	Kansas	2	4
New_Hampshire	Idaho	0	7
Montana	Indiana	1	1
Connecticut	New_Hampshire	3	8
Montana	Kentucky	0	1
Business	Arkansas	0	2
West_Virginia	Nevada	3	1
South_Dakota	Vermont	0	8
Montana	District_of_Columbia	0	8
Delaware	Kentucky	3	0
Idaho	Montana	8	7
Puerto_Rico	Idaho	3	0
Oklahoma	Business	8	9
Connecticut	Delaware	5	6
North_Dakota	Indiana	9	8
Vermont	Singapore	7	8
Singapore	Puerto_Rico	1	3
Singapore	Arkansas	1	3
Idaho	North_Dakota	6	9
Idaho	Connecticut	9	5
Indiana	Kentucky	1	1
Kentucky	New_Hampshire	1	5
Connecticut	Business	8	7
Montana	Oklahoma	3	8
Oklahoma	Colorado	4	4
West_Virginia	North_Dakota	4	0
Montana	Delaware	1	4
Vermont	Montana	8	5
Colorado	Puerto_Rico	1	4
Montana	West_Virginia	3	2
Oklahoma	Nevada	5	6
Delaware	District_of_Columbia	0	5
West_Virginia	Kansas	6	8
Oklahoma	Kentucky	2	6
North_Dakota	North_Dakota	9	5
Vermont	Connecticut	6	1
Oklahoma	Kansas	8	7
Nevada	North_Dakota	9	4
Business	Vermont	3	9
North_Dakota	Delaware	2	4
New_Hampshire	Kentucky	0	6
Colorado	West_Virginia	7	7
Arkansas	Colorado	1	5
Indiana	Idaho	8	7
West_Virginia	New_Hampshire	9	5
South_Dakota	South_Dakota	2	1
Arkansas	Nevada	2	2
West_Virginia	Singapore	4	6
District_of_Columbia	District_of_Columbia	2	0
Montana	Vermont	6	1
Colorado	New_Hampshire	7	3
Colorado	Colorado	1	3
Kansas	Arkansas	1	2
New_Hampshire	Nevada	3	6
North_Dakota	New_Hampshire	2	2
Delaware	Indiana	8	1
Montana	Oklahoma	9	3
Colorado	Connecticut	6	2
Colorado	Connecticut	1	4
Puerto_Rico	Oklahoma	3	8
Oklahoma	Singapore	9	5
Puerto_Rico	Nevada	5	7
Nevada	Nevada	8	4
New_Hampshire	Business	2	4
Connecticut	South_Dakota	4	2
Puerto_Rico	Kentucky	9	1
District_of_Columbia	South_Dakota	4	6
Kansas	Vermont	9	1
North_Dakota	West_Virginia	5	5
Puerto_Rico	North_Dakota	3	2
Kansas	New_Hampshire	8	1
Colorado	Kentucky	4	8
New_Hampshire	Vermont	9	7
Vermont	South_Dakota	2	6
District_of_Columbia	Idaho	6	0
Indiana	Puerto_Rico	5	4
South_Dakota	South_Dakota	7	2
Delaware	Colorado	9	8
Connecticut	Indiana	0	5
North_Dakota	New_Hampshire	6	1
New_Hampshire	Oklahoma	2	9
North_Dakota	Delaware	4	2
Kentucky	Business	7	7
North_Dakota	Montana	2	2
Nevada	Arkansas	6	4
Oklahoma	Puerto_Rico	3	7
West_Virginia	West_Virginia	0	5
Connecticut	Connecticut	6	1
Connecticut	Montana	9	6
New_Hampshire	Puerto_Rico	0	3
Nevada	Idaho	3	6
Kentucky	North_Dakota	3	6
Connecticut	Delaware	0	8
Idaho	Idaho	9	9
South_Dakota	New_Hampshire	3	4
Arkansas	Idaho	7	6
Arkansas	Arkansas	2	5
Kansas	Singapore	8	3
North_Dakota	Oklahoma	5	8
West_Virginia	Colorado	0	1
West_Virginia	Kansas	9	8
Indiana	North_Dakota	1	9
Puerto_Rico	South_Dakota	0	7
Nevada	Singapore	9	5
Business	Arkansas	0	6
Montana	Montana	7	9
Business	Singapore	3	0
Delaware	Business	6	8
Singapore	Idaho	3	7
Arkansas	Kansas	5	3
North_Dakota	Arkansas	2	8
Oklahoma	Delaware	2	9
Business	Arkansas	7	3
Colorado	Montana	4	1
Indiana	Singapore	9	5
South_Dakota	Kansas	8	8
Puerto_Rico	Kentucky	0	4
Oklahoma	Puerto_Rico	4	8
Business	Idaho	6	7
Business	New_Hampshire	5	8
Business	Kentucky	7	3
West_Virginia	Colorado	3	5
Kansas	Vermont	7	6
Business	West_Virginia	1	5
Delaware	Kentucky	4	1
New_Hampshire	Kansas	8	4
Puerto_Rico	Business	5	3
Delaware	Arkansas	4	3
Puerto_Rico	Colorado	5	4
Vermont	North_Dakota	2	6
Montana	Kansas	3	9
Kansas	Nevada	9	5
South_Dakota	New_Hampshire	5	2
Kansas	Idaho	1	7
Oklahoma	Singapore	8	7
West_Virginia	Puerto_Rico	2	8
Connecticut	Indiana	7	6
Montana	Kentucky	2	9
Idaho	District_of_Columbia	0	2
Kansas	Vermont	3	2
New_Hampshire	Singapore	5	6
Arkansas	Nevada	2	4
North_Dakota	Nevada	2	6
District_of_Columbia	West_Virginia	8	5
Arkansas	Nevada	2	7
Delaware	Business	8	8
Indiana	Colorado	1	5
Idaho	Puerto_Rico	4	0
Singapore	Kansas	1	7
Connecticut	Nevada	0	0
Indiana	West_Virginia	8	0
Idaho	Singapore	4	5
Indiana	Indiana	7	7
South_Dakota	South_Dakota	2	3
Vermont	Singapore	9	3
North_Dakota	Colorado	1	4
South_Dakota	Indiana	9	1
Delaware	Montana	5	0
Arkansas	Kansas	6	2
Idaho	Business	6	0
New_Hampshire	West_Virginia	2	8
Oklahoma	Kansas	1	3
District_of_Columbia	Colorado	0	7
Nevada	District_of_Columbia	7	6
Indiana	Puerto_Rico	3	0
Kentucky	South_Dakota	7	1
Delaware	Vermont	5	4
Montana	Connecticut	0	0
South_Dakota	Vermont	2	6
Singapore	Connecticut	7	9
Nevada	District_of_Columbia	7	5
Puerto_Rico	Singapore	5	0
Vermont	West_Virginia	5	2
West_Virginia	Montana	3	7
Colorado	Puerto_Rico	2	9
Montana	North_Dakota	5	0
Idaho	West_Virginia	7	7
Delaware	Delaware	1	8
South_Dakota	Arkansas	2	8
North_Dakota	Puerto_Rico	4	6
Vermont	Oklahoma	2	4
Singapore	Kansas	6	0
Kentucky	Montana	7	9
North_Dakota	District_of_Columbia	6	5
Colorado	Kentucky	6	5
Singapore	Idaho	4	8
Oklahoma	South_Dakota	6	3
Delaware	Kansas	6	9
Indiana	Idaho	4	0
New_Hampshire	District_of_Columbia	7	1
Vermont	Connecticut	9	6
Kentucky	South_Dakota	8	3
Arkansas	Idaho	4	1
Montana	District_of_Columbia	6	3
Vermont	Montana	4	9
Oklahoma	Delaware	4	2
Singapore	Kansas	6	0
New_Hampshire	Delaware	9	9
Puerto_Rico	New_Hampshire	5	0
Nevada	Business	3	9
Kentucky	Colorado	1	6
Business	Arkansas	7	2
Kansas	Singapore	7	1
Oklahoma	Connecticut	4	2
Arkansas	South_Dakota	5	1
Kentucky	Puerto_Rico	8	8
New_Hampshire	Puerto_Rico	4	6
South_Dakota	Kentucky	9	2
District_of_Columbia	Business	5	0
Arkansas	Idaho	9	0
Singapore	Nevada	5	9
Business	Kentucky	1	6
New_Hampshire	Delaware	2	1
Oklahoma	Arkansas	8	3
Oklahoma	Vermont	7	0
Kansas	Singapore	3	8
Kansas	Business	2	7
North_Dakota	Puerto_Rico	3	7
Delaware	Delaware	6	2
Nevada	Indiana	6	0
Vermont	Connecticut	5	6
South_Dakota	North_Dakota	1	5
North_Dakota	New_Hampshire	8	3
Arkansas	North_Dakota	2	6
Business	Business	7	6
South_Dakota	Puerto_Rico	7	1
Connecticut	Arkansas	7	3
South_Dakota	Arkansas	1	5
Singapore	West_Virginia	2	2
North_Dakota	Oklahoma	6	3
New_Hampshire	Kansas	0	4
Oklahoma	Colorado	5	2
Kentucky	Delaware	8	6
Oklahoma	Montana	3	2
Arkansas	New_Hampshire	0	0
West_Virginia	Kansas	7	1
Nevada	District_of_Columbia	5	8
South_Dakota	District_of_Columbia	4	8
Business	Indiana	1	8
South_Dakota	Connecticut	5	9
Kansas	Montana	0	2
Vermont	Connecticut	5	6
South_Dakota	North_Dakota	1	5
North_Dakota	New_Hampshire	8	3
Arkansas	North_Dakota	2	6
Business	Business	7	6
South_Dakota	Puerto_Rico	7	1
Connecticut	Arkansas	7	3
South_Dakota	Arkansas	1	5
Singapore	West_Virginia	2	2
North_Dakota	Oklahoma	6	3
New_Hampshire	Kansas	0	4
Oklahoma	Colorado	5	2
Kentucky	Delaware	8	6
Oklahoma	Montana	3	2
Arkansas	New_Hampshire	0	0
West_Virginia	Kansas	7	1
Nevada	District_of_Columbia	5	8
South_Dakota	District_of_Columbia	4	8
Business	Indiana	1	8
South_Dakota	Connecticut	5	9
Kansas	Montana	0	2
South_Dakota	West_Virginia	6	3
Connecticut	Delaware	8	8
New_Hampshire	Kansas	2	1
Connecticut	Puerto_Rico	4	9
Montana	District_of_Columbia	2	8
Vermont	West_Virginia	8	6
New_Hampshire	District_of_Columbia	6	6
Kentucky	Singapore	1	0
Connecticut	Indiana	2	8
Delaware	Singapore	8	6
Colorado	Connecticut	9	0
Vermont	Puerto_Rico	3	3
Puerto_Rico	Business	0	4
Indiana	West_Virginia	1	5
Business	Vermont	0	4
Nevada	Oklahoma	0	7
Nevada	District_of_Columbia	8	3
Puerto_Rico	Indiana	2	1
Montana	District_of_Columbia	6	9
South_Dakota	Singapore	2	0
North_Dakota	Singapore	4	2
Colorado	District_of_Columbia	0	6
Oklahoma	Oklahoma	7	1
Delaware	Vermont	3	9
Montana	Colorado	6	1
Business	Nevada	4	0
North_Dakota	Kentucky	9	5
Connecticut	Oklahoma	1	6
Colorado	New_Hampshire	3	1
Nevada	Kentucky	9	9
Nevada	West_Virginia	2	5
Oklahoma	Puerto_Rico	2	7
West_Virginia	Kentucky	3	2
Connecticut	Puerto_Rico	7	5
Puerto_Rico	West_Virginia	5	1
Indiana	Montana	2	6
Idaho	District_of_Columbia	3	5
Oklahoma	Connecticut	3	3
Arkansas	Kentucky	0	7
South_Dakota	Nevada	2	3
Idaho	Delaware	8	9
Montana	Connecticut	2	4
Delaware	North_Dakota	7	0
Arkansas	Connecticut	1	1
Idaho	Arkansas	5	7
Oklahoma	Kentucky	6	7
District_of_Columbia	Connecticut	6	6
Vermont	West_Virginia	9	0
Singapore	South_Dakota	3	7
Vermont	District_of_Columbia	2	3
Idaho	Colorado	6	4
Indiana	Colorado	5	1
Connecticut	Delaware	0	3
Montana	Vermont	8	8
New_Hampshire	Kansas	5	9
New_Hampshire	Idaho	2	1
Business	Montana	6	1
Colorado	District_of_Columbia	4	9
Oklahoma	Montana	8	1
South_Dakota	Colorado	9	5
Business	Singapore	2	1
Business	Arkansas	1	5
Kentucky	Puerto_Rico	2	3
Business	Delaware	3	1
Puerto_Rico	Nevada	3	6
Kansas	District_of_Columbia	6	4
North_Dakota	Delaware	4	6
Indiana	Puerto_Rico	3	6
New_Hampshire	Kentucky	1	9
Montana	North_Dakota	9	4
Colorado	South_Dakota	3	3
Idaho	Connecticut	0	5
New_Hampshire	North_Dakota	2	9
Singapore	Idaho	3	0
West_Virginia	Arkansas	5	5
Kentucky	Colorado	2	1
Vermont	North_Dakota	8	5
West_Virginia	Vermont	9	5
North_Dakota	South_Dakota	4	7
Connecticut	Oklahoma	1	5
North_Dakota	Singapore	8	0
Delaware	Nevada	1	9
Vermont	Singapore	6	4
Idaho	Kentucky	5	8
Puerto_Rico	Nevada	5	7
Idaho	Idaho	7	6
Idaho	Oklahoma	3	4
New_Hampshire	Puerto_Rico	7	8
Nevada	West_Virginia	1	2
Nevada	Montana	6	2
North_Dakota	Business	9	9
Kentucky	Kentucky	9	0
Arkansas	Montana	3	2
Arkansas	District_of_Columbia	2	8
Montana	Connecticut	2	6
New_Hampshire	Colorado	1	4
Arkansas	North_Dakota	1	1
Connecticut	South_Dakota	7	8
District_of_Columbia	Delaware	2	3
Oklahoma	Kansas	5	5
Colorado	Nevada	7	1
Idaho	New_Hampshire	2	4
Puerto_Rico	West_Virginia	0	1
West_Virginia	Kentucky	6	1
North_Dakota	Nevada	3	9
Vermont	Colorado	1	4
New_Hampshire	Oklahoma	9	3
Vermont	Vermont	6	1
Montana	Indiana	2	1
New_Hampshire	Colorado	5	8
Colorado	Idaho	6	9
Connecticut	Kentucky	0	4
District_of_Columbia	Business	1	4
Kansas	Puerto_Rico	7	9
Nevada	Montana	5	0
South_Dakota	Montana	8	1
Connecticut	Business	4	4
New_Hampshire	Montana	2	8
Colorado	Idaho	5	2
Delaware	Kansas	1	1
North_Dakota	Oklahoma	7	4
District_of_Columbia	West_Virginia	4	4
Kentucky	Oklahoma	1	5
South_Dakota	Indiana	2	8
South_Dakota	Delaware	3	1
Oklahoma	Nevada	2	5
Idaho	New_Hampshire	9	1
Oklahoma	South_Dakota	0	3
Kansas	Puerto_Rico	5	2
Business	Delaware	0	9
Indiana	New_Hampshire	0	2
New_Hampshire	Montana	5	7
Business	South_Dakota	0	6
Indiana	District_of_Columbia	7	7
Colorado	Puerto_Rico	8	8
Nevada	Connecticut	8	3
West_Virginia	West_Virginia	0	0
Montana	Puerto_Rico	1	1
Oklahoma	Arkansas	3	6
North_Dakota	Idaho	7	0
South_Dakota	Kansas	7	8
Singapore	Business	3	2
Nevada	Montana	7	9
Nevada	Colorado	3	4
Indiana	Arkansas	7	7
West_Virginia	Indiana	0	5
Vermont	Montana	2	5
New_Hampshire	Delaware	3	4
Singapore	Kentucky	9	8
Idaho	Kansas	3	6
Kentucky	Kansas	0	5
South_Dakota	Oklahoma	5	4
Puerto_Rico	Colorado	7	9
Singapore	Vermont	9	9
District_of_Columbia	Montana	7	2
West_Virginia	Kentucky	3	9
Singapore	Delaware	0	2
Indiana	Singapore	5	0
Arkansas	New_Hampshire	4	5
Idaho	Puerto_Rico	3	2
West_Virginia	Arkansas	3	8
Idaho	Singapore	1	6
Connecticut	Montana	0	6
Montana	District_of_Columbia	3	0
Connecticut	New_Hampshire	4	8
Business	West_Virginia	2	1
West_Virginia	Arkansas	8	3
South_Dakota	Delaware	9	5
Singapore	Business	1	8
District_of_Columbia	Arkansas	2	1
Delaware	Puerto_Rico	6	3
Indiana	Indiana	6	7
Oklahoma	Colorado	0	3
South_Dakota	Singapore	1	3
Connecticut	West_Virginia	0	5
Vermont	Montana	9	0
Business	Arkansas	8	6
South_Dakota	Montana	8	0
South_Dakota	Connecticut	7	7
South_Dakota	Nevada	5	5
Puerto_Rico	Arkansas	8	0
Puerto_Rico	North_Dakota	7	9
New_Hampshire	Nevada	6	5
Montana	South_Dakota	7	4
Vermont	Singapore	7	4
New_Hampshire	Colorado	4	9
Kentucky	Puerto_Rico	6	6
Business	Singapore	9	9
North_Dakota	Kentucky	2	8
North_Dakota	Business	3	9
Vermont	New_Hampshire	2	8
Arkansas	South_Dakota	3	5
District_of_Columbia	District_of_Columbia	3	6
Nevada	West_Virginia	4	3
South_Dakota	Nevada	9	5
Colorado	Connecticut	3	6
Business	Connecticut	4	8
Arkansas	Arkansas	7	5
New_Hampshire	Connecticut	2	5
Nevada	Indiana	3	2
North_Dakota	Vermont	7	0
Puerto_Rico	Montana	1	6
Nevada	South_Dakota	6	6
Singapore	Oklahoma	2	9
Vermont	North_Dakota	5	0
Business	Puerto_Rico	0	7
Montana	Vermont	4	5
West_Virginia	District_of_Columbia	5	6
Arkansas	Arkansas	7	3
Delaware	New_Hampshire	6	2
Puerto_Rico	Colorado	8	0
Montana	Connecticut	9	9
Puerto_Rico	Puerto_Rico	4	4
Nevada	Idaho	0	2
New_Hampshire	Montana	8	3
Kentucky	Connecticut	4	5
Arkansas	Singapore	4	2
District_of_Columbia	Business	0	0
West_Virginia	Idaho	9	6
Singapore	North_Dakota	1	0
Idaho	Puerto_Rico	9	4
Kentucky	Oklahoma	4	3
Connecticut	Business	0	0
Kentucky	Business	9	0
Oklahoma	Connecticut	6	3
Kansas	Oklahoma	2	4
Delaware	Oklahoma	2	4
Business	Puerto_Rico	4	9
Vermont	Vermont	4	4
Kentucky	Indiana	5	6
Indiana	North_Dakota	1	0
Oklahoma	Singapore	2	6
Puerto_Rico	New_Hampshire	9	7
Oklahoma	District_of_Columbia	7	2
Puerto_Rico	Puerto_Rico	6	7
Nevada	Singapore	4	0
Arkansas	New_Hampshire	6	8
North_Dakota	Montana	2	7
North_Dakota	West_Virginia	4	4
Idaho	District_of_Columbia	0	7
Kansas	Oklahoma	3	1
District_of_Columbia	District_of_Columbia	8	0
Kentucky	New_Hampshire	0	0
Kentucky	West_Virginia	4	7
Connecticut	Montana	5	7
District_of_Columbia	Montana	7	4
Colorado	District_of_Columbia	1	9
Montana	Business	0	3
New_Hampshire	Indiana	9	3
District_of_Columbia	Arkansas	0	6
District_of_Columbia	Singapore	3	0
Business	Idaho	7	5
Connecticut	Indiana	2	9
Montana	Nevada	0	1
Kansas	Indiana	2	6
Kansas	Montana	7	3
Vermont	Arkansas	8	3
Colorado	Oklahoma	4	9
New_Hampshire	Nevada	7	0
Kentucky	Singapore	4	9
Singapore	Indiana	1	5
Arkansas	Montana	5	4
Nevada	Oklahoma	0	6
Singapore	Idaho	8	9
Kentucky	New_Hampshire	0	4
West_Virginia	Vermont	7	5
District_of_Columbia	Arkansas	9	9
Kentucky	West_Virginia	5	9
District_of_Columbia	South_Dakota	4	5
West_Virginia	Delaware	5	1
North_Dakota	New_Hampshire	4	9
Business	Puerto_Rico	1	0
Business	Colorado	3	2
Vermont	Singapore	2	4
West_Virginia	Vermont	0	0
Oklahoma	North_Dakota	0	7
North_Dakota	Singapore	9	5
Delaware	Montana	5	8
New_Hampshire	South_Dakota	8	8
Connecticut	Vermont	6	6
New_Hampshire	Kansas	5	7
Colorado	Singapore	0	0
Kentucky	Arkansas	6	6
Kentucky	Business	4	3
South_Dakota	Business	2	2
District_of_Columbia	Puerto_Rico	5	8
Kansas	Arkansas	2	6
West_Virginia	South_Dakota	6	9
Puerto_Rico	Idaho	4	6
Singapore	South_Dakota	8	6
Montana	Delaware	3	8
Indiana	Singapore	2	5
Kansas	North_Dakota	4	5
Vermont	Oklahoma	4	9
Indiana	New_Hampshire	8	6
Arkansas	North_Dakota	1	9
West_Virginia	Kentucky	3	2
Indiana	Arkansas	2	1
Vermont	Connecticut	2	1
South_Dakota	Kentucky	8	3
Nevada	Indiana	7	4
West_Virginia	Nevada	1	6
Colorado	Kentucky	5	6
North_Dakota	Oklahoma	4	8
Nevada	Montana	4	9
District_of_Columbia	Kentucky	2	8
Indiana	North_Dakota	7	0
Business	Business	6	3
Montana	Idaho	9	2
District_of_Columbia	Puerto_Rico	9	1
Puerto_Rico	New_Hampshire	4	6
Business	Colorado	3	8
District_of_Columbia	Connecticut	6	6
Business	Idaho	3	8
Delaware	South_Dakota	0	9
Kansas	Colorado	7	8
District_of_Columbia	Indiana	0	7
Business	North_Dakota	5	3
District_of_Columbia	Arkansas	0	9
Business	Kansas	0	3
Business	Puerto_Rico	9	8
New_Hampshire	Business	5	2
Puerto_Rico	South_Dakota	2	5
Puerto_Rico	West_Virginia	0	3
Kansas	South_Dakota	2	4
Business	Idaho	8	7
Kansas	Vermont	7	5
Vermont	Puerto_Rico	0	2
District_of_Columbia	Puerto_Rico	1	5
Singapore	South_Dakota	1	6
Nevada	Business	0	4
New_Hampshire	Business	1	9
Arkansas	Indiana	0	7
Business	Arkansas	6	7
Business	Oklahoma	0	2
Indiana	District_of_Columbia	6	2
District_of_Columbia	Oklahoma	0	0
Arkansas	North_Dakota	1	9
Kentucky	Oklahoma	5	9
West_Virginia	Connecticut	7	8
Arkansas	Singapore	2	4
Oklahoma	Montana	0	0
New_Hampshire	Puerto_Rico	6	9
New_Hampshire	Delaware	8	9
Nevada	Colorado	8	4
Kansas	Delaware	1	2
Puerto_Rico	Kentucky	1	3
North_Dakota	New_Hampshire	6	0
Indiana	Arkansas	6	6
Singapore	West_Virginia	2	7
District_of_Columbia	Colorado	9	0
District_of_Columbia	Idaho	9	5
New_Hampshire	District_of_Columbia	6	8
Colorado	Business	4	3
South_Dakota	Singapore	7	5
Colorado	West_Virginia	8	1
Connecticut	Puerto_Rico	6	7
Kentucky	Nevada	4	2
West_Virginia	Kansas	9	7
Kansas	Business	6	3
South_Dakota	District_of_Columbia	5	6
District_of_Columbia	New_Hampshire	4	2
Montana	Arkansas	0	0
Kansas	New_Hampshire	4	0
District_of_Columbia	Montana	2	2
Oklahoma	Connecticut	3	6
New_Hampshire	Kentucky	1	4
Indiana	Delaware	8	5
Puerto_Rico	South_Dakota	6	0
Idaho	Idaho	1	7
Indiana	Singapore	1	9
Delaware	New_Hampshire	7	0
District_of_Columbia	Vermont	5	7
Singapore	North_Dakota	6	9
New_Hampshire	Vermont	3	0
Delaware	Arkansas	7	9
Indiana	District_of_Columbia	0	8
Colorado	Singapore	6	9
Vermont	Colorado	1	4
Business	North_Dakota	6	2
Arkansas	North_Dakota	2	4
Idaho	North_Dakota	9	6
Vermont	Idaho	3	7
Montana	Connecticut	8	4
Oklahoma	South_Dakota	7	8
Nevada	Colorado	2	6
Kansas	Vermont	6	0
Indiana	Delaware	7	8
Nevada	Vermont	2	5
Arkansas	Nevada	8	2
Kansas	Kentucky	5	8
Arkansas	Delaware	6	5
Singapore	West_Virginia	6	8
South_Dakota	South_Dakota	7	0
Indiana	District_of_Columbia	3	8
Nevada	Montana	9	3
Delaware	Singapore	9	6
Arkansas	Montana	2	9
New_Hampshire	Kansas	2	1
Vermont	Connecticut	6	7
Indiana	Colorado	0	7
Arkansas	Idaho	7	5
Vermont	Singapore	5	6
North_Dakota	Business	3	5
Indiana	Oklahoma	0	7
Colorado	Delaware	5	0
Delaware	Idaho	5	7
Oklahoma	Singapore	6	1
Arkansas	Puerto_Rico	1	9
Vermont	Indiana	1	3
Nevada	Idaho	9	3
Indiana	Indiana	0	2
Indiana	Kentucky	6	6
West_Virginia	Delaware	3	6
Kansas	Puerto_Rico	9	7
Delaware	South_Dakota	2	4
North_Dakota	Colorado	0	1
Delaware	Singapore	8	4
Business	Kansas	7	5
Colorado	South_Dakota	9	5
Nevada	Connecticut	3	9
Vermont	South_Dakota	7	8
Colorado	Colorado	6	2
Montana	Singapore	7	9
Oklahoma	Arkansas	4	7
Arkansas	Delaware	0	3
Delaware	Arkansas	8	3
Business	Business	5	5
Arkansas	New_Hampshire	9	2
West_Virginia	Idaho	2	3
Montana	Idaho	0	0
West_Virginia	New_Hampshire	5	4
Delaware	Indiana	2	8
Kentucky	Oklahoma	8	7
Oklahoma	Puerto_Rico	4	4
Oklahoma	Nevada	9	1
Connecticut	Singapore	4	7
Montana	Nevada	3	8
District_of_Columbia	District_of_Columbia	1	6
Idaho	Indiana	4	7
Vermont	Oklahoma	8	5
Oklahoma	Connecticut	6	3
Arkansas	Kansas	5	9
Puerto_Rico	Delaware	1	0
Kentucky	Business	8	8
Kentucky	Kansas	5	1
North_Dakota	Kentucky	6	3
Idaho	Montana	9	4
Nevada	North_Dakota	5	6
Montana	District_of_Columbia	6	7
South_Dakota	Kansas	6	2
Idaho	Business	0	8
North_Dakota	Kansas	1	3
Montana	Singapore	5	7
Vermont	Montana	1	9
Arkansas	Puerto_Rico	5	0
Business	Colorado	2	2
Colorado	District_of_Columbia	1	8
Vermont	Delaware	5	1
New_Hampshire	Kansas	1	3
Vermont	New_Hampshire	1	1
Vermont	Nevada	7	0
Oklahoma	New_Hampshire	0	1
Business	Kansas	4	7
West_Virginia	Kentucky	9	8
Oklahoma	South_Dakota	4	2
District_of_Columbia	Arkansas	2	4
Nevada	South_Dakota	3	3
New_Hampshire	Business	6	6
Singapore	Delaware	4	2
Idaho	Oklahoma	8	5
New_Hampshire	Business	4	3
Arkansas	Nevada	2	4
Puerto_Rico	Business	6	5
Montana	Arkansas	0	5
Connecticut	Singapore	7	9
Kentucky	Nevada	2	4
Connecticut	Indiana	1	4
Singapore	Nevada	5	5
Kansas	Puerto_Rico	9	4
Delaware	New_Hampshire	8	5
Vermont	West_Virginia	1	7
Idaho	Montana	3	4
District_of_Columbia	Indiana	6	1
Arkansas	Delaware	7	3
South_Dakota	Delaware	6	2
Delaware	Arkansas	5	9
Business	Kentucky	4	6
Connecticut	West_Virginia	0	8
West_Virginia	Nevada	6	7
Oklahoma	Oklahoma	8	0
West_Virginia	Oklahoma	3	8
Singapore	Puerto_Rico	6	7
Kansas	Singapore	0	3
West_Virginia	New_Hampshire	0	2
Delaware	Delaware	4	6
Vermont	Colorado	7	1
New_Hampshire	Indiana	3	9
Idaho	West_Virginia	1	7
Oklahoma	Arkansas	5	6
Connecticut	Kentucky	2	0
Idaho	Montana	6	5
Montana	Business	8	5
Montana	Delaware	9	6
North_Dakota	Indiana	4	7
New_Hampshire	Kansas	3	0
Colorado	Singapore	8	0
West_Virginia	Indiana	6	6
Puerto_Rico	North_Dakota	7	1
Kentucky	Puerto_Rico	8	1
Oklahoma	Connecticut	1	3
New_Hampshire	South_Dakota	2	1
Kentucky	Kentucky	2	4
North_Dakota	Arkansas	0	0
Oklahoma	Kentucky	8	8
Delaware	Vermont	6	7
Oklahoma	Colorado	2	4
North_Dakota	Montana	2	4
South_Dakota	New_Hampshire	9	3
Delaware	North_Dakota	7	0
Singapore	Colorado	9	5
Connecticut	District_of_Columbia	6	1
Montana	District_of_Columbia	0	3
Colorado	West_Virginia	0	9
Puerto_Rico	North_Dakota	1	8
Arkansas	Montana	8	7
Kansas	Idaho	4	0
Nevada	Indiana	8	7
Indiana	Puerto_Rico	5	6
Colorado	Puerto_Rico	6	3
Kansas	Singapore	2	1
Singapore	Indiana	4	4
Delaware	West_Virginia	1	6
Oklahoma	North_Dakota	0	9
Arkansas	North_Dakota	5	4
Kentucky	North_Dakota	8	1
Singapore	Connecticut	3	6
Arkansas	Business	0	4
Puerto_Rico	New_Hampshire	6	2
New_Hampshire	South_Dakota	5	1
Colorado	Singapore	8	6
South_Dakota	Kansas	2	0
West_Virginia	Singapore	1	1
Kansas	Singapore	5	8
Idaho	Connecticut	5	7
South_Dakota	Oklahoma	2	1
Business	District_of_Columbia	9	0
Kentucky	North_Dakota	0	4
New_Hampshire	Puerto_Rico	0	5
District_of_Columbia	Business	2	5
Colorado	Montana	0	6
District_of_Columbia	Arkansas	0	8
Idaho	New_Hampshire	8	9
North_Dakota	Singapore	6	0
Vermont	Arkansas	0	0
Singapore	West_Virginia	1	2
Connecticut	Kansas	7	9
Idaho	Delaware	0	6
Arkansas	Colorado	9	1
Vermont	Colorado	6	4
Connecticut	Singapore	2	6
Business	Puerto_Rico	7	7
Nevada	Nevada	9	4
South_Dakota	West_Virginia	3	1
Singapore	Kentucky	2	9
South_Dakota	Nevada	9	1
Nevada	Indiana	5	6
Indiana	South_Dakota	5	7
Vermont	Nevada	7	3
Vermont	Nevada	6	6
Business	Montana	8	6
Nevada	Puerto_Rico	6	5
Kansas	Puerto_Rico	2	0
Kansas	Kentucky	1	4
Kentucky	Colorado	2	7
District_of_Columbia	District_of_Columbia	7	3
Nevada	District_of_Columbia	4	4
District_of_Columbia	Kansas	8	8
Singapore	Montana	5	2
Kansas	Puerto_Rico	3	4
Nevada	Delaware	3	1
Nevada	Puerto_Rico	3	8
Connecticut	District_of_Columbia	1	5
Idaho	Kentucky	0	0
New_Hampshire	New_Hampshire	2	5
Kentucky	Oklahoma	6	2
Puerto_Rico	West_Virginia	0	5
Idaho	South_Dakota	0	1
Kentucky	Arkansas	4	3
North_Dakota	District_of_Columbia	1	3
New_Hampshire	Arkansas	3	5
Puerto_Rico	South_Dakota	6	4
District_of_Columbia	New_Hampshire	3	4
Colorado	Singapore	3	7
Singapore	Kentucky	8	7
Puerto_Rico	New_Hampshire	8	4
Nevada	Nevada	1	2
Idaho	Singapore	2	3
Singapore	Kansas	6	5
Kentucky	Puerto_Rico	7	3
West_Virginia	Kansas	9	5
Kentucky	Arkansas	3	9
West_Virginia	Montana	5	5
Nevada	District_of_Columbia	9	0
Idaho	Kansas	4	6
Puerto_Rico	District_of_Columbia	5	9
Singapore	Kentucky	2	4
Kansas	Indiana	9	3
Business	Oklahoma	4	8
South_Dakota	Puerto_Rico	0	6
South_Dakota	Connecticut	8	4
Kansas	District_of_Columbia	9	7
New_Hampshire	Colorado	8	3
Nevada	North_Dakota	6	8
Business	Delaware	6	7
Connecticut	Colorado	7	8
Arkansas	Colorado	4	2
Delaware	Arkansas	9	0
Colorado	Kentucky	8	5
Vermont	Idaho	8	6
Colorado	West_Virginia	3	9
Kansas	Indiana	1	7
Arkansas	Oklahoma	8	8
West_Virginia	Nevada	3	1
Kansas	South_Dakota	6	1
Colorado	Idaho	7	3
Montana	Arkansas	6	7
New_Hampshire	Arkansas	1	7
New_Hampshire	Vermont	5	9
Oklahoma	Montana	8	0
Kentucky	West_Virginia	0	4
District_of_Columbia	Montana	9	6
New_Hampshire	West_Virginia	6	3
Kansas	Nevada	0	4
Arkansas	West_Virginia	0	1
Indiana	Delaware	5	7
Montana	District_of_Columbia	1	1
Indiana	New_Hampshire	6	7
South_Dakota	Montana	8	5
Singapore	Nevada	6	4
Kansas	Colorado	8	2
Indiana	North_Dakota	0	3
Singapore	Puerto_Rico	9	3
Delaware	Indiana	8	0
Delaware	South_Dakota	5	3
Vermont	Connecticut	8	3
Oklahoma	Puerto_Rico	7	6
Montana	Delaware	9	8
Kentucky	Delaware	9	3
Oklahoma	New_Hampshire	5	6
Oklahoma	Colorado	1	6
Kansas	District_of_Columbia	4	6
Puerto_Rico	Kentucky	8	7
Business	Nevada	3	1
North_Dakota	South_Dakota	1	7
North_Dakota	Nevada	6	9
Singapore	Indiana	7	0
Vermont	Oklahoma	4	2
Vermont	Vermont	2	1
Colorado	Colorado	7	7
Montana	Delaware	7	2
Kansas	Puerto_Rico	9	5
District_of_Columbia	Indiana	1	0
Singapore	Colorado	1	8
South_Dakota	Kentucky	5	6
Vermont	Puerto_Rico	7	0
Singapore	Montana	6	5
Kentucky	Colorado	3	0
Connecticut	Kansas	7	7
Indiana	Kentucky	6	0
Puerto_Rico	Montana	2	7
Kentucky	Puerto_Rico	8	3
Indiana	Business	6	9
Puerto_Rico	District_of_Columbia	7	5
Oklahoma	Vermont	4	4
Oklahoma	Singapore	2	1
Arkansas	Delaware	6	5
Arkansas	North_Dakota	4	9
Indiana	Vermont	1	0
South_Dakota	Kansas	3	6
District_of_Columbia	District_of_Columbia	4	3
New_Hampshire	District_of_Columbia	1	9
North_Dakota	District_of_Columbia	7	9
Connecticut	Oklahoma	7	7
South_Dakota	New_Hampshire	6	9
Connecticut	Idaho	2	7
District_of_Columbia	Singapore	4	6
Puerto_Rico	Delaware	7	8
Idaho	Singapore	4	6
Arkansas	Business	3	2
District_of_Columbia	Kansas	7	5
Singapore	Oklahoma	0	1
Singapore	Colorado	2	1
Connecticut	Indiana	2	9
Vermont	Puerto_Rico	2	7
Kansas	Vermont	6	7
North_Dakota	Nevada	1	4
Kansas	Indiana	9	6
Kansas	Idaho	7	2
Oklahoma	Delaware	7	6
New_Hampshire	West_Virginia	8	6
Oklahoma	Puerto_Rico	9	9
Kansas	Montana	8	1
Business	Puerto_Rico	7	4
Idaho	Delaware	7	0
Singapore	Kansas	0	3
Connecticut	Oklahoma	3	4
Nevada	North_Dakota	4	2
Nevada	Singapore	0	0
Kansas	Kentucky	9	8
Idaho	Nevada	5	8
South_Dakota	District_of_Columbia	0	7
Nevada	Puerto_Rico	6	7
Vermont	North_Dakota	4	3
Delaware	District_of_Columbia	4	8
District_of_Columbia	South_Dakota	4	2
Arkansas	West_Virginia	1	6
Colorado	Business	8	1
Arkansas	Connecticut	8	8
Indiana	Arkansas	1	0
District_of_Columbia	Vermont	2	7
Vermont	Oklahoma	0	0
North_Dakota	Indiana	4	2
Kentucky	District_of_Columbia	2	2
Vermont	Colorado	0	0
Vermont	Vermont	4	7
Puerto_Rico	Kansas	6	1
Kansas	Puerto_Rico	1	2
New_Hampshire	West_Virginia	0	7
Kansas	Kentucky	6	1
Indiana	Delaware	4	1
Business	Colorado	8	8
Indiana	Idaho	3	9
Oklahoma	Oklahoma	9	8
District_of_Columbia	Kentucky	5	0
Nevada	District_of_Columbia	3	9
Puerto_Rico	Delaware	0	6
Oklahoma	Indiana	6	5
South_Dakota	Colorado	8	1
New_Hampshire	Colorado	6	0
Kansas	Indiana	8	3
Delaware	Delaware	9	9
Vermont	Nevada	4	9
Business	South_Dakota	3	2
Nevada	Arkansas	3	6
Montana	Kansas	8	6
Oklahoma	Delaware	9	7
Oklahoma	District_of_Columbia	9	8
Oklahoma	Vermont	9	3
Kansas	Singapore	5	7
Puerto_Rico	Connecticut	9	1
Puerto_Rico	Puerto_Rico	3	2
Montana	North_Dakota	0	6
Delaware	Montana	2	0
Idaho	Singapore	6	7
West_Virginia	Montana	3	7
Connecticut	North_Dakota	1	0
Vermont	Oklahoma	2	0
Vermont	Oklahoma	5	7
Delaware	Oklahoma	5	6
District_of_Columbia	North_Dakota	5	9
Business	North_Dakota	3	6
Colorado	Puerto_Rico	7	1
Connecticut	Kansas	8	7
Puerto_Rico	Business	4	9
Puerto_Rico	Oklahoma	9	5
Kansas	Delaware	7	1
Oklahoma	Puerto_Rico	7	9
Kentucky	Vermont	1	5
Connecticut	Singapore	0	0
Kansas	Kansas	0	7
Colorado	South_Dakota	0	2
Idaho	Indiana	7	9
Puerto_Rico	Singapore	2	5
New_Hampshire	Kansas	5	9
Kentucky	Idaho	8	2
West_Virginia	New_Hampshire	6	8
Idaho	Puerto_Rico	3	6
District_of_Columbia	Delaware	2	7
Arkansas	Kentucky	5	1
Indiana	New_Hampshire	2	9
Colorado	Idaho	0	7
New_Hampshire	Kentucky	7	3
Arkansas	Idaho	1	5
Puerto_Rico	Singapore	4	4
District_of_Columbia	Connecticut	0	0
Oklahoma	Oklahoma	1	9
Kansas	Kentucky	9	3
Kentucky	Kentucky	4	7
Puerto_Rico	Business	4	7
Montana	Nevada	3	7
District_of_Columbia	West_Virginia	0	2
South_Dakota	Vermont	1	9
New_Hampshire	Indiana	2	2
New_Hampshire	Kansas	2	4
New_Hampshire	Idaho	0	7
Montana	Indiana	1	1
Connecticut	New_Hampshire	3	8
Montana	Kentucky	0	1
Business	Arkansas	0	2
West_Virginia	Nevada	3	1
South_Dakota	Vermont	0	8
Montana	District_of_Columbia	0	8
Delaware	Kentucky	3	0
Idaho	Montana	8	7
Puerto_Rico	Idaho	3	0
Oklahoma	Business	8	9
Connecticut	Delaware	5	6
North_Dakota	Indiana	9	8
Vermont	Singapore	7	8
Singapore	Puerto_Rico	1	3
Singapore	Arkansas	1	3
Idaho	North_Dakota	6	9
Idaho	Connecticut	9	5
Indiana	Kentucky	1	1
Kentucky	New_Hampshire	1	5
Connecticut	Business	8	7
Montana	Oklahoma	3	8
Oklahoma	Colorado	4	4
West_Virginia	North_Dakota	4	0
Montana	Delaware	1	4
Vermont	Montana	8	5
Colorado	Puerto_Rico	1	4
Montana	West_Virginia	3	2
Oklahoma	Nevada	5	6
Delaware	District_of_Columbia	0	5
West_Virginia	Kansas	6	8
Oklahoma	Kentucky	2	6
North_Dakota	North_Dakota	9	5
Vermont	Connecticut	6	1
Oklahoma	Kansas	8	7
Nevada	North_Dakota	9	4
Business	Vermont	3	9
North_Dakota	Delaware	2	4
New_Hampshire	Kentucky	0	6
Colorado	West_Virginia	7	7
Arkansas	Colorado	1	5
Indiana	Idaho	8	7
West_Virginia	New_Hampshire	9	5
South_Dakota	South_Dakota	2	1
Arkansas	Nevada	2	2
West_Virginia	Singapore	4	6
District_of_Columbia	District_of_Columbia	2	0
Montana	Vermont	6	1
Colorado	New_Hampshire	7	3
Colorado	Colorado	1	3
Kansas	Arkansas	1	2
New_Hampshire	Nevada	3	6
North_Dakota	New_Hampshire	2	2
Delaware	Indiana	8	1
Montana	Oklahoma	9	3
Colorado	Connecticut	6	2
Colorado	Connecticut	1	4
Puerto_Rico	Oklahoma	3	8
Oklahoma	Singapore	9	5
Puerto_Rico	Nevada	5	7
Nevada	Nevada	8	4
New_Hampshire	Business	2	4
Connecticut	South_Dakota	4	2
Puerto_Rico	Kentucky	9	1
District_of_Columbia	South_Dakota	4	6
Kansas	Vermont	9	1
North_Dakota	West_Virginia	5	5
Puerto_Rico	North_Dakota	3	2
Kansas	New_Hampshire	8	1
Colorado	Kentucky	4	8
New_Hampshire	Vermont	9	7
Vermont	South_Dakota	2	6
District_of_Columbia	Idaho	6	0
Indiana	Puerto_Rico	5	4
South_Dakota	South_Dakota	7	2
Delaware	Colorado	9	8
Connecticut	Indiana	0	5
North_Dakota	New_Hampshire	6	1
New_Hampshire	Oklahoma	2	9
North_Dakota	Delaware	4	2
Kentucky	Business	7	7
North_Dakota	Montana	2	2
Nevada	Arkansas	6	4
Oklahoma	Puerto_Rico	3	7
West_Virginia	West_Virginia	0	5
Connecticut	Connecticut	6	1
Connecticut	Montana	9	6
New_Hampshire	Puerto_Rico	0	3
Nevada	Idaho	3	6
Kentucky	North_Dakota	3	6
Connecticut	Delaware	0	8
Idaho	Idaho	9	9
South_Dakota	New_Hampshire	3	4
Arkansas	Idaho	7	6
Arkansas	Arkansas	2	5
Kansas	Singapore	8	3
North_Dakota	Oklahoma	5	8
West_Virginia	Colorado	0	1
West_Virginia	Kansas	9	8
Indiana	North_Dakota	1	9
Puerto_Rico	South_Dakota	0	7
Nevada	Singapore	9	5
Business	Arkansas	0	6
Montana	Montana	7	9
Business	Singapore	3	0
Delaware	Business	6	8
Singapore	Idaho	3	7
Arkansas	Kansas	5	3
North_Dakota	Arkansas	2	8
Oklahoma	Delaware	2	9
Business	Arkansas	7	3
Colorado	Montana	4	1
Indiana	Singapore	9	5
South_Dakota	Kansas	8	8
Puerto_Rico	Kentucky	0	4
Oklahoma	Puerto_Rico	4	8
Business	Idaho	6	7
Business	New_Hampshire	5	8
Business	Kentucky	7	3
West_Virginia	Colorado	3	5
Kansas	Vermont	7	6
Business	West_Virginia	1	5
Delaware	Kentucky	4	1
New_Hampshire	Kansas	8	4
Puerto_Rico	Business	5	3
Delaware	Arkansas	4	3
Puerto_Rico	Colorado	5	4
Vermont	North_Dakota	2	6
Montana	Kansas	3	9
Kansas	Nevada	9	5
South_Dakota	New_Hampshire	5	2
Kansas	Idaho	1	7
Oklahoma	Singapore	8	7
West_Virginia	Puerto_Rico	2	8
Connecticut	Indiana	7	6
Montana	Kentucky	2	9
Idaho	District_of_Columbia	0	2
Kansas	Vermont	3	2
New_Hampshire	Singapore	5	6
Arkansas	Nevada	2	4
North_Dakota	Nevada	2	6
District_of_Columbia	West_Virginia	8	5
Arkansas	Nevada	2	7
Delaware	Business	8	8
Indiana	Colorado	1	5
Idaho	Puerto_Rico	4	0
Singapore	Kansas	1	7
Connecticut	Nevada	0	0
Indiana	West_Virginia	8	0
Idaho	Singapore	4	5
Indiana	Indiana	7	7
South_Dakota	South_Dakota	2	3
Vermont	Singapore	9	3
North_Dakota	Colorado	1	4
South_Dakota	Indiana	9	1
Delaware	Montana	5	0
Arkansas	Kansas	6	2
Idaho	Business	6	0
New_Hampshire	West_Virginia	2	8
Oklahoma	Kansas	1	3
District_of_Columbia	Colorado	0	7
Nevada	District_of_Columbia	7	6
Indiana	Puerto_Rico	3	0
Kentucky	South_Dakota	7	1
Delaware	Vermont	5	4
Montana	Connecticut	0	0
South_Dakota	Vermont	2	6
Singapore	Connecticut	7	9
Nevada	District_of_Columbia	7	5
Puerto_Rico	Singapore	5	0
Vermont	West_Virginia	5	2
West_Virginia	Montana	3	7
Colorado	Puerto_Rico	2	9
Montana	North_Dakota	5	0
Idaho	West_Virginia	7	7
Delaware	Delaware	1	8
South_Dakota	Arkansas	2	8
North_Dakota	Puerto_Rico	4	6
Vermont	Oklahoma	2	4
Singapore	Kansas	6	0
Kentucky	Montana	7	9
North_Dakota	District_of_Columbia	6	5
Colorado	Kentucky	6	5
Singapore	Idaho	4	8
Oklahoma	South_Dakota	6	3
Delaware	Kansas	6	9
Indiana	Idaho	4	0
New_Hampshire	District_of_Columbia	7	1
Vermont	Connecticut	9	6
Kentucky	South_Dakota	8	3
Arkansas	Idaho	4	1
Montana	District_of_Columbia	6	3
Vermont	Montana	4	9
Oklahoma	Delaware	4	2
Singapore	Kansas	6	0
New_Hampshire	Delaware	9	9
Puerto_Rico	New_Hampshire	5	0
Nevada	Business	3	9
Kentucky	Colorado	1	6
Business	Arkansas	7	2
Kansas	Singapore	7	1
Oklahoma	Connecticut	4	2
Arkansas	South_Dakota	5	1
Kentucky	Puerto_Rico	8	8
New_Hampshire	Puerto_Rico	4	6
South_Dakota	Kentucky	9	2
District_of_Columbia	Business	5	0
Arkansas	Idaho	9	0
Singapore	Nevada	5	9
Business	Kentucky	1	6
New_Hampshire	Delaware	2	1
Oklahoma	Arkansas	8	3
Oklahoma	Vermont	7	0
Kansas	Singapore	3	8
Kansas	Business	2	7
North_Dakota	Puerto_Rico	3	7
Delaware	Delaware	6	2
Nevada	Indiana	6	0
Vermont	Connecticut	5	6
South_Dakota	North_Dakota	1	5
North_Dakota	New_Hampshire	8	3
Arkansas	North_Dakota	2	6
Business	Business	7	6
South_Dakota	Puerto_Rico	7	1
Connecticut	Arkansas	7	3
South_Dakota	Arkansas	1	5
Singapore	West_Virginia	2	2
North_Dakota	Oklahoma	6	3
New_Hampshire	Kansas	0	4
Oklahoma	Colorado	5	2
Kentucky	Delaware	8	6
Oklahoma	Montana	3	2
Arkansas	New_Hampshire	0	0
West_Virginia	Kansas	7	1
Nevada	District_of_Columbia	5	8
South_Dakota	District_of_Columbia	4	8
Business	Indiana	1	8
South_Dakota	Connecticut	5	9
Kansas	Montana	0	2
Vermont	Connecticut	5	6
South_Dakota	North_Dakota	1	5
North_Dakota	New_Hampshire	8	3
Arkansas	North_Dakota	2	6
Business	Business	7	6
South_Dakota	Puerto_Rico	7	1
Connecticut	Arkansas	7	3
South_Dakota	Arkansas	1	5
Singapore	West_Virginia	2	2
North_Dakota	Oklahoma	6	3
New_Hampshire	Kansas	0	4
Oklahoma	Colorado	5	2
Kentucky	Delaware	8	6
Oklahoma	Montana	3	2
Arkansas	New_Hampshire	0	0
West_Virginia	Kansas	7	1
Nevada	District_of_Columbia	5	8
South_Dakota	District_of_Columbia	4	8
Business	Indiana	1	8
South_Dakota	Connecticut	5	9
Kansas	Montana	0	2